-- ============================================
-- Wepl Demo Data
-- couple_id: b8468972-51db-48f9-b56c-207407f0d569
-- user_id:   5da24cc8-d284-416b-a7ea-ad0a58a289a2
-- region: 서울, total_budget: 4000만
-- ============================================

-- 0. Update couple info (wedding date, hall)
UPDATE couples
SET wedding_date = '2026-10-17',
    wedding_time = '13:30',
    wedding_hall = '더채플앳청담',
    updated_at = now()
WHERE id = 'b8468972-51db-48f9-b56c-207407f0d569';

-- 1. Delete existing categories & expenses (clean slate)
DELETE FROM expenses WHERE couple_id = 'b8468972-51db-48f9-b56c-207407f0d569';
DELETE FROM categories WHERE couple_id = 'b8468972-51db-48f9-b56c-207407f0d569';

-- 2. Insert categories with budget allocation (total: 4000만)
INSERT INTO categories (id, couple_id, name, icon, budget_amount, sort_order, is_default) VALUES
  ('c0000001-0000-0000-0000-000000000001', 'b8468972-51db-48f9-b56c-207407f0d569', '웨딩홀',       'building', 12000000, 0, true),
  ('c0000001-0000-0000-0000-000000000002', 'b8468972-51db-48f9-b56c-207407f0d569', '스튜디오',     'camera',    3500000, 1, true),
  ('c0000001-0000-0000-0000-000000000003', 'b8468972-51db-48f9-b56c-207407f0d569', '드레스/턱시도', 'shirt',     4000000, 2, true),
  ('c0000001-0000-0000-0000-000000000004', 'b8468972-51db-48f9-b56c-207407f0d569', '예물/예단',     'gem',       5000000, 3, true),
  ('c0000001-0000-0000-0000-000000000005', 'b8468972-51db-48f9-b56c-207407f0d569', '혼수',         'sofa',      6000000, 4, true),
  ('c0000001-0000-0000-0000-000000000006', 'b8468972-51db-48f9-b56c-207407f0d569', '신혼여행',     'plane',     5000000, 5, true),
  ('c0000001-0000-0000-0000-000000000007', 'b8468972-51db-48f9-b56c-207407f0d569', '기타',         'plus',      4500000, 6, true);

-- 3. Expenses

-- ── 웨딩홀 (budget: 1200만) ──
INSERT INTO expenses (couple_id, category_id, title, amount, date, tags, is_paid, vendor_name, vendor_rating, price_feeling, memo, created_by) VALUES
  ('b8468972-51db-48f9-b56c-207407f0d569', 'c0000001-0000-0000-0000-000000000001',
   '웨딩홀 대관료', 6500000, '2026-01-15', '{대관료}', true, '더채플앳청담', 5, 'fair',
   '토요일 오후 1시반 타임. 200명 기준.', '5da24cc8-d284-416b-a7ea-ad0a58a289a2'),

  ('b8468972-51db-48f9-b56c-207407f0d569', 'c0000001-0000-0000-0000-000000000001',
   '식대 (200명)', 4800000, '2026-01-15', '{식대}', false, '더채플앳청담', 5, 'fair',
   '1인 24,000원 x 200명. 당일 정산.', '5da24cc8-d284-416b-a7ea-ad0a58a289a2'),

  ('b8468972-51db-48f9-b56c-207407f0d569', 'c0000001-0000-0000-0000-000000000001',
   '폐백 음식', 350000, '2026-02-20', '{폐백}', true, '예담폐백', 4, 'cheap',
   '폐백 음식 + 세팅 포함', '5da24cc8-d284-416b-a7ea-ad0a58a289a2'),

  ('b8468972-51db-48f9-b56c-207407f0d569', 'c0000001-0000-0000-0000-000000000001',
   '꽃장식', 800000, '2026-03-01', '{꽃장식}', false, '블루밍데이', 4, 'fair',
   '버진로드 + 메인테이블 + 하객석', '5da24cc8-d284-416b-a7ea-ad0a58a289a2'),

-- ── 스튜디오 (budget: 350만) ──
  ('b8468972-51db-48f9-b56c-207407f0d569', 'c0000001-0000-0000-0000-000000000002',
   '스튜디오 촬영 패키지', 2200000, '2026-02-10', '{스냅,앨범,원판}', true, '로이스튜디오', 5, 'fair',
   '보정 80컷 + 앨범 1권 + 원판 전체', '5da24cc8-d284-416b-a7ea-ad0a58a289a2'),

  ('b8468972-51db-48f9-b56c-207407f0d569', 'c0000001-0000-0000-0000-000000000002',
   '본식 스냅 촬영', 800000, '2026-02-10', '{스냅}', false, '로이스튜디오', 5, 'fair',
   '본식 당일 스냅. 보정 50컷.', '5da24cc8-d284-416b-a7ea-ad0a58a289a2'),

  ('b8468972-51db-48f9-b56c-207407f0d569', 'c0000001-0000-0000-0000-000000000002',
   '영상 DVD', 550000, '2026-02-10', '{DVD}', false, '무브먼트필름', 4, 'fair',
   '하이라이트 3분 + 풀버전', '5da24cc8-d284-416b-a7ea-ad0a58a289a2'),

-- ── 드레스/턱시도 (budget: 400만) ──
  ('b8468972-51db-48f9-b56c-207407f0d569', 'c0000001-0000-0000-0000-000000000003',
   '웨딩드레스 대여', 2500000, '2026-03-05', '{드레스}', true, '모니카블랑쉬', 5, 'fair',
   '본식 드레스 + 촬영 드레스 2벌', '5da24cc8-d284-416b-a7ea-ad0a58a289a2'),

  ('b8468972-51db-48f9-b56c-207407f0d569', 'c0000001-0000-0000-0000-000000000003',
   '턱시도 대여', 600000, '2026-03-05', '{턱시도}', true, '제네럴스위트', 4, 'cheap',
   '본식 + 촬영 1벌', '5da24cc8-d284-416b-a7ea-ad0a58a289a2'),

  ('b8468972-51db-48f9-b56c-207407f0d569', 'c0000001-0000-0000-0000-000000000003',
   '속옷/이너웨어', 180000, '2026-03-10', '{속옷}', true, '라페르라', 3, 'expensive',
   '드레스용 브라 + 보정속옷', '5da24cc8-d284-416b-a7ea-ad0a58a289a2'),

  ('b8468972-51db-48f9-b56c-207407f0d569', 'c0000001-0000-0000-0000-000000000003',
   '웨딩슈즈', 250000, '2026-03-10', '{슈즈}', true, NULL, 4, 'fair',
   '본식 구두 (5cm)', '5da24cc8-d284-416b-a7ea-ad0a58a289a2'),

-- ── 예물/예단 (budget: 500만) ──
  ('b8468972-51db-48f9-b56c-207407f0d569', 'c0000001-0000-0000-0000-000000000004',
   '웨딩밴드 (커플)', 3200000, '2026-01-20', '{반지}', true, '티파니앤코', 5, 'expensive',
   '플래티넘 밴드 2개', '5da24cc8-d284-416b-a7ea-ad0a58a289a2'),

  ('b8468972-51db-48f9-b56c-207407f0d569', 'c0000001-0000-0000-0000-000000000004',
   '예단', 1500000, '2026-02-15', '{예단}', true, NULL, NULL, 'fair',
   '시댁 예단', '5da24cc8-d284-416b-a7ea-ad0a58a289a2'),

  ('b8468972-51db-48f9-b56c-207407f0d569', 'c0000001-0000-0000-0000-000000000004',
   '이바지 음식', 350000, '2026-03-01', '{이바지}', false, '한우담', 4, 'fair',
   '한우 세트 + 과일 세트', '5da24cc8-d284-416b-a7ea-ad0a58a289a2'),

-- ── 혼수 (budget: 600만) ──
  ('b8468972-51db-48f9-b56c-207407f0d569', 'c0000001-0000-0000-0000-000000000005',
   'LG 냉장고', 1890000, '2026-01-25', '{가전}', true, 'LG전자', 5, 'cheap',
   '오브제 870L. 신혼 특가.', '5da24cc8-d284-416b-a7ea-ad0a58a289a2'),

  ('b8468972-51db-48f9-b56c-207407f0d569', 'c0000001-0000-0000-0000-000000000005',
   'LG 세탁기+건조기', 2100000, '2026-01-25', '{가전}', true, 'LG전자', 5, 'fair',
   '트롬 워시타워. 세트 할인.', '5da24cc8-d284-416b-a7ea-ad0a58a289a2'),

  ('b8468972-51db-48f9-b56c-207407f0d569', 'c0000001-0000-0000-0000-000000000005',
   '침구 세트', 480000, '2026-02-05', '{침구}', true, '이브자리', 4, 'fair',
   '이불 + 베개 + 토퍼', '5da24cc8-d284-416b-a7ea-ad0a58a289a2'),

  ('b8468972-51db-48f9-b56c-207407f0d569', 'c0000001-0000-0000-0000-000000000005',
   '주방용품', 320000, '2026-02-08', '{주방}', true, '르크루제', 4, 'expensive',
   '냄비 세트 + 프라이팬', '5da24cc8-d284-416b-a7ea-ad0a58a289a2'),

  ('b8468972-51db-48f9-b56c-207407f0d569', 'c0000001-0000-0000-0000-000000000005',
   '에어컨 (2대)', 1600000, '2026-02-20', '{가전}', false, 'LG전자', 5, 'fair',
   '거실 + 안방. 설치비 포함.', '5da24cc8-d284-416b-a7ea-ad0a58a289a2'),

-- ── 신혼여행 (budget: 500만) ──
  ('b8468972-51db-48f9-b56c-207407f0d569', 'c0000001-0000-0000-0000-000000000006',
   '항공권 (몰디브)', 2400000, '2026-03-02', '{항공}', true, '대한항공', 4, 'fair',
   '인천-말레 왕복 2인. 비즈니스.', '5da24cc8-d284-416b-a7ea-ad0a58a289a2'),

  ('b8468972-51db-48f9-b56c-207407f0d569', 'c0000001-0000-0000-0000-000000000006',
   '리조트 숙박 (5박)', 3200000, '2026-03-02', '{호텔}', false, '콘래드 몰디브', 5, 'expensive',
   '워터빌라 5박. 조식 포함.', '5da24cc8-d284-416b-a7ea-ad0a58a289a2'),

  ('b8468972-51db-48f9-b56c-207407f0d569', 'c0000001-0000-0000-0000-000000000006',
   '여행자 보험', 85000, '2026-03-02', '{보험}', true, '삼성화재', 4, 'cheap',
   '2인 7일 해외여행보험', '5da24cc8-d284-416b-a7ea-ad0a58a289a2'),

-- ── 기타 (budget: 450만) ──
  ('b8468972-51db-48f9-b56c-207407f0d569', 'c0000001-0000-0000-0000-000000000007',
   '청첩장 (모바일+지류)', 280000, '2026-02-01', '{청첩장}', true, '보비브라운', 4, 'fair',
   '모바일 청첩장 + 지류 200부', '5da24cc8-d284-416b-a7ea-ad0a58a289a2'),

  ('b8468972-51db-48f9-b56c-207407f0d569', 'c0000001-0000-0000-0000-000000000007',
   '부케', 150000, '2026-03-01', '{부케}', false, '블루밍데이', 4, 'fair',
   '생화 부케 + 부토니에', '5da24cc8-d284-416b-a7ea-ad0a58a289a2'),

  ('b8468972-51db-48f9-b56c-207407f0d569', 'c0000001-0000-0000-0000-000000000007',
   '사회자', 300000, '2026-03-01', '{사회자}', false, NULL, NULL, NULL,
   '프리랜서 사회자. 리허설 1회 포함.', '5da24cc8-d284-416b-a7ea-ad0a58a289a2'),

  ('b8468972-51db-48f9-b56c-207407f0d569', 'c0000001-0000-0000-0000-000000000007',
   '축가 섭외', 500000, '2026-02-15', '{축가}', true, NULL, NULL, NULL,
   '지인 가수 축가 사례비', '5da24cc8-d284-416b-a7ea-ad0a58a289a2'),

  ('b8468972-51db-48f9-b56c-207407f0d569', 'c0000001-0000-0000-0000-000000000007',
   '답례품 (200개)', 600000, '2026-03-05', '{답례품}', false, '카카오메이커스', 4, 'fair',
   '미니 디퓨저 세트 200개', '5da24cc8-d284-416b-a7ea-ad0a58a289a2'),

  ('b8468972-51db-48f9-b56c-207407f0d569', 'c0000001-0000-0000-0000-000000000007',
   '포토부스 대여', 350000, '2026-02-20', '{포토부스}', false, '스냅포토부스', 4, 'fair',
   '본식 당일 3시간 운영', '5da24cc8-d284-416b-a7ea-ad0a58a289a2'),

  ('b8468972-51db-48f9-b56c-207407f0d569', 'c0000001-0000-0000-0000-000000000007',
   '헤어/메이크업', 400000, '2026-03-01', '{헤어메이크업}', false, '제니하우스', 4, 'fair',
   '본식 당일 + 리허설 1회', '5da24cc8-d284-416b-a7ea-ad0a58a289a2');

-- 4. Schedules
DELETE FROM schedules WHERE couple_id = 'b8468972-51db-48f9-b56c-207407f0d569';

INSERT INTO schedules (couple_id, title, date, time, location, memo, is_completed, is_recommended) VALUES
  ('b8468972-51db-48f9-b56c-207407f0d569', '웨딩홀 투어 (3곳)', '2026-01-10', '11:00', '강남/청담', '더채플앳청담, 루벨, 빌라드지디', true, false),
  ('b8468972-51db-48f9-b56c-207407f0d569', '웨딩홀 계약', '2026-01-15', '14:00', '더채플앳청담', '계약금 100만 입금', true, false),
  ('b8468972-51db-48f9-b56c-207407f0d569', '예물 구매', '2026-01-20', '13:00', '티파니앤코 청담', '웨딩밴드 사이즈 피팅', true, false),
  ('b8468972-51db-48f9-b56c-207407f0d569', '혼수 가전 주문', '2026-01-25', '10:00', 'LG 베스트샵', '냉장고+세탁기+건조기 세트', true, false),
  ('b8468972-51db-48f9-b56c-207407f0d569', '청첩장 제작', '2026-02-01', '15:00', NULL, '모바일 + 지류 200부 주문', true, false),
  ('b8468972-51db-48f9-b56c-207407f0d569', '스튜디오 촬영', '2026-02-10', '10:00', '로이스튜디오', '촬영 당일. 헤메 09시.', true, false),
  ('b8468972-51db-48f9-b56c-207407f0d569', '예단 준비', '2026-02-15', NULL, NULL, '시댁 예단 발송', true, false),
  ('b8468972-51db-48f9-b56c-207407f0d569', '드레스 피팅', '2026-03-05', '11:00', '모니카블랑쉬', '본식 드레스 최종 피팅', true, false),
  ('b8468972-51db-48f9-b56c-207407f0d569', '신혼여행 예약 확정', '2026-03-02', '10:00', NULL, '항공권 + 리조트 결제', true, false),
  ('b8468972-51db-48f9-b56c-207407f0d569', '신혼집 입주', '2026-06-01', '09:00', NULL, '이사 + 혼수 배송일 맞추기', false, true),
  ('b8468972-51db-48f9-b56c-207407f0d569', '청첩장 발송', '2026-09-01', NULL, NULL, '결혼 6주 전 발송', false, true),
  ('b8468972-51db-48f9-b56c-207407f0d569', '본식 리허설', '2026-10-10', '14:00', '더채플앳청담', '사회자 + 축가 동선 확인', false, true),
  ('b8468972-51db-48f9-b56c-207407f0d569', '최종 인원 확정', '2026-10-12', NULL, NULL, '식대 인원 웨딩홀에 통보', false, true),
  ('b8468972-51db-48f9-b56c-207407f0d569', '결혼식', '2026-10-17', '13:30', '더채플앳청담', 'D-Day!', false, false),
  ('b8468972-51db-48f9-b56c-207407f0d569', '신혼여행 출발', '2026-10-18', '10:00', '인천국제공항', '몰디브 5박 7일', false, false);

-- Done!
-- Summary:
--   Categories: 7 (total budget: 4000만)
--   Expenses: 28건 (결제완료 16건, 결제대기 12건)
--   Total expense: ~3,571만 (소진율 89%)
--   Schedules: 15건 (완료 9, 예정 6)
